,Model,Mean,SD,HDI 2.5%,HDI 97.5%
0,LogNormal,8.747893272692261,0.8860834383211789,7.167839272313191,10.543214763184954
1,Gamma,7.71587922736315,0.6248121692168733,6.559796695926602,9.0039279623954
2,Weibull,9.890204713968837,0.777418472797186,8.42760248701127,11.471087180281229
3,NegativeBinomial,7.669464691774427,0.7957907809138302,6.132980459806301,9.239813261824759
